COMPLIANCE, INITIAL VOLUME, DESIGN VOLUME
0.007976968212902, 0.007976968212902, 0.000000005856604 
